ArchiveDate,Adult_Child,Speciality,0-6 Months,6-12 Months,12-18 Months,18 Months +,Total
26/01/2023,Adult,Anaesthetics,14,4,2,0,21
26/01/2023,Adult,Breast Surgery,"2,198",8,0,0,"2,206"
26/01/2023,Adult,Cardio-Thoracic Surgery,326,50,10,19,405
26/01/2023,Adult,Cardiology,"17,660","9,041","3,670","2,300","32,671"
26/01/2023,Adult,Chemical Pathology,46,47,29,2,124
26/01/2023,Adult,Clinical (Medical) Genetics,990,811,617,438,"2,856"
26/01/2023,Adult,Clinical Immunology,"1,140",666,48,5,"1,859"
26/01/2023,Adult,Clinical Neurophysiology,786,569,381,343,"2,079"
26/01/2023,Adult,Dermatology,"21,568","8,422","3,069","6,947","40,006"
26/01/2023,Adult,Diabetes Mellitus,"1,017",461,213,200,"1,891"
26/01/2023,Adult,Endocrinology,"7,472","4,646","2,225","4,157","18,500"
26/01/2023,Adult,Gastro-Enterology,"9,365","3,375","1,236","1,387","15,363"
26/01/2023,Adult,Gastro-Intestinal Surgery,476,180,24,18,698
26/01/2023,Adult,General Medicine,"10,222","5,331","2,250","2,334","20,137"
26/01/2023,Adult,General Surgery,"24,875","5,984","2,796","2,285","35,940"
26/01/2023,Adult,Geriatric Medicine,"3,142",339,89,106,"3,676"
26/01/2023,Adult,Gynaecology,"19,615","5,619","1,218","1,659","28,111"
26/01/2023,Adult,Haematology,"5,160","2,053",744,"1,193","9,150"
26/01/2023,Adult,Hepato-Biliary Surgery,70,32,8,0,110
26/01/2023,Adult,Infectious Diseases,"1,276",60,4,0,"1,340"
26/01/2023,Adult,Maxillo-Facial,"1,198",449,323,996,"2,966"
26/01/2023,Adult,Metabolic Medicine,135,25,11,14,185
26/01/2023,Adult,Microbiology,25,0,0,0,25
26/01/2023,Adult,Nephrology,"2,226",588,248,384,"3,446"
26/01/2023,Adult,Neurology,"9,411","4,913","2,892","6,148","23,364"
26/01/2023,Adult,Neurosurgery,"3,530","1,941","1,064","2,129","8,664"
26/01/2023,Adult,Oncology,578,10,0,0,588
26/01/2023,Adult,Ophthalmology,"15,127","6,538","3,607","7,974","33,246"
26/01/2023,Adult,Oral Surgery,517,281,238,"1,188","2,224"
26/01/2023,Adult,Orthopaedics,"31,631","18,467","7,348","7,691","65,137"
26/01/2023,Adult,Otolaryngology (ENT),"17,771","9,460","4,664","10,841","42,736"
26/01/2023,Adult,Paediatric Dermatology,36,7,0,0,43
26/01/2023,Adult,Paediatric Neurology,15,4,4,0,24
26/01/2023,Adult,Paediatrics,81,50,31,6,168
26/01/2023,Adult,Pain Relief,"5,055","3,286","1,703","4,218","14,262"
26/01/2023,Adult,Pathology,50,41,41,42,174
26/01/2023,Adult,Plastic Surgery,"7,204","3,324","1,810","4,625","16,963"
26/01/2023,Adult,Psychiatry,440,58,7,2,507
26/01/2023,Adult,Radiology,15,4,2,0,22
26/01/2023,Adult,Radiotherapy,62,0,0,0,62
26/01/2023,Adult,Respiratory Medicine,"10,062","4,584","1,647","2,907","19,200"
26/01/2023,Adult,Rheumatology,"7,211","3,470","1,583","3,173","15,437"
26/01/2023,Adult,Small Volume Specialities,64,30,21,2,117
26/01/2023,Adult,Urology,"12,048","5,325","2,623","4,802","24,798"
26/01/2023,Adult,Vascular Surgery,"7,001","3,143","1,601","2,298","14,043"
26/01/2023,Child,Cardio-Thoracic Surgery,57,4,4,2,67
26/01/2023,Child,Cardiology,26,7,2,16,51
26/01/2023,Child,Clinical (Medical) Genetics,436,402,298,255,"1,391"
26/01/2023,Child,Clinical Immunology,365,127,83,292,867
26/01/2023,Child,Dental Surgery,217,92,37,151,497
26/01/2023,Child,Dermatology,"1,255",574,277,656,"2,762"
26/01/2023,Child,Developmental Paediatrics,319,265,179,332,"1,095"
26/01/2023,Child,Endocrinology,19,4,2,0,25
26/01/2023,Child,Gastro-Enterology,10,8,2,0,20
26/01/2023,Child,General Medicine,31,4,2,0,37
26/01/2023,Child,General Surgery,844,334,195,190,"1,563"
26/01/2023,Child,Gynaecology,469,145,59,2,675
26/01/2023,Child,Haematology,74,12,4,0,90
26/01/2023,Child,Immunology,221,54,14,85,374
26/01/2023,Child,Maxillo-Facial,83,36,34,49,202
26/01/2023,Child,Neurology,29,8,4,2,43
26/01/2023,Child,Ophthalmology,"2,244",836,389,914,"4,383"
26/01/2023,Child,Oral Surgery,116,49,19,29,213
26/01/2023,Child,Orthopaedics,"1,470",701,266,364,"2,801"
26/01/2023,Child,Otolaryngology (ENT),"4,067","2,204","1,103","1,697","9,071"
26/01/2023,Child,Paed Cardiology,"2,074","1,172",761,150,"4,157"
26/01/2023,Child,Paed Endocrinology,511,228,100,66,905
26/01/2023,Child,Paed Gastro-Enterol,575,167,94,10,846
26/01/2023,Child,Paed Haematology,180,59,8,2,249
26/01/2023,Child,Paed Metabolic Medicine,52,8,0,2,62
26/01/2023,Child,Paed Nephrology,279,123,21,7,430
26/01/2023,Child,Paed Orthopaedic,"1,680","1,024",466,698,"3,868"
26/01/2023,Child,Paediatric Dermatology,"2,352","1,640",708,"2,212","6,912"
26/01/2023,Child,Paediatric ENT,"2,760","1,363",535,"1,922","6,580"
26/01/2023,Child,Paediatric Infectious Diseases,56,12,4,2,74
26/01/2023,Child,Paediatric Neurology,867,249,67,2,"1,185"
26/01/2023,Child,Paediatric Neurosurgery,35,4,4,0,43
26/01/2023,Child,Paediatric Respiratory Medicine,637,428,255,683,"2,003"
26/01/2023,Child,Paediatric Surgery,"2,341","1,559",573,178,"4,651"
26/01/2023,Child,Paediatric Urology,450,312,213,229,"1,204"
26/01/2023,Child,Paediatrics,"12,649","5,241","1,382",190,"19,462"
26/01/2023,Child,Pain Relief,18,10,2,2,32
26/01/2023,Child,Plastic Surgery,787,365,234,324,"1,710"
26/01/2023,Child,Rheumatology,286,240,149,722,"1,397"
26/01/2023,Child,Small Volume Specialities,68,17,2,2,89
26/01/2023,Child,Urology,898,489,322,308,"2,017"
26/01/2023,Child,Vascular Surgery,15,4,0,2,21
23/02/2023,Adult,Breast Surgery,"2,379",5,0,0,"2,384"
23/02/2023,Adult,Cardio-Thoracic Surgery,318,59,12,20,409
23/02/2023,Adult,Cardiology,"18,477","8,994","3,958","2,306","33,735"
23/02/2023,Adult,Chemical Pathology,39,45,28,5,117
23/02/2023,Adult,Clinical (Medical) Genetics,"1,023",799,652,505,"2,979"
23/02/2023,Adult,Clinical Immunology,"1,217",643,119,7,"1,986"
23/02/2023,Adult,Clinical Neurophysiology,719,550,393,349,"2,011"
23/02/2023,Adult,Dermatology,"21,751","8,733","3,226","7,092","40,802"
23/02/2023,Adult,Diabetes Mellitus,"1,095",472,226,208,"2,001"
23/02/2023,Adult,Endocrinology,"7,440","4,740","2,193","4,199","18,572"
23/02/2023,Adult,Gastro-Enterology,"9,751","3,306","1,319","1,288","15,664"
23/02/2023,Adult,Gastro-Intestinal Surgery,364,97,21,17,499
23/02/2023,Adult,General Medicine,"10,571","5,175","2,354","2,438","20,538"
23/02/2023,Adult,General Surgery,"25,077","5,996","2,641","2,380","36,094"
23/02/2023,Adult,Geriatric Medicine,"3,145",341,91,112,"3,689"
23/02/2023,Adult,Gynaecology,"20,150","5,512","1,205","1,523","28,390"
23/02/2023,Adult,Haematology,"5,104","2,106",819,"1,206","9,235"
23/02/2023,Adult,Hepato-Biliary Surgery,67,32,13,0,112
23/02/2023,Adult,Infectious Diseases,"1,380",61,4,0,"1,445"
23/02/2023,Adult,Maxillo-Facial,"1,157",448,358,985,"2,948"
23/02/2023,Adult,Metabolic Medicine,113,42,14,12,181
23/02/2023,Adult,Microbiology,20,0,0,0,20
23/02/2023,Adult,Nephrology,"2,216",547,248,378,"3,389"
23/02/2023,Adult,Neurology,"9,415","4,979","2,922","6,003","23,319"
23/02/2023,Adult,Neurosurgery,"3,602","2,051","1,123","2,223","8,999"
23/02/2023,Adult,Oncology,506,4,2,0,513
23/02/2023,Adult,Ophthalmology,"15,446","6,585","3,753","7,757","33,541"
23/02/2023,Adult,Oral Surgery,531,308,231,"1,202","2,272"
23/02/2023,Adult,Orthopaedics,"31,541","18,898","7,434","7,771","65,644"
23/02/2023,Adult,Otolaryngology (ENT),"18,521","9,174","4,961","9,967","42,623"
23/02/2023,Adult,Paediatric Dermatology,30,11,4,0,46
23/02/2023,Adult,Paediatric ENT,7,10,4,0,21
23/02/2023,Adult,Paediatric Neurology,13,8,4,0,26
23/02/2023,Adult,Paediatric Surgery,4,4,10,2,21
23/02/2023,Adult,Paediatrics,89,57,32,6,184
23/02/2023,Adult,Pain Relief,"5,163","3,211","1,844","4,219","14,437"
23/02/2023,Adult,Pathology,50,43,34,50,177
23/02/2023,Adult,Plastic Surgery,"7,285","3,405","1,884","4,629","17,203"
23/02/2023,Adult,Psychiatry,463,45,2,2,512
23/02/2023,Adult,Radiology,16,4,2,0,23
23/02/2023,Adult,Radiotherapy,61,0,0,0,61
23/02/2023,Adult,Respiratory Medicine,"10,682","4,633","1,843","2,821","19,979"
23/02/2023,Adult,Rheumatology,"7,188","3,392","1,561","3,076","15,217"
23/02/2023,Adult,Small Volume Specialities,70,15,7,0,92
23/02/2023,Adult,Urology,"12,402","5,431","2,636","4,687","25,156"
23/02/2023,Adult,Vascular Surgery,"6,589","3,281","1,611","2,375","13,856"
23/02/2023,Child,Cardio-Thoracic Surgery,55,4,4,5,68
23/02/2023,Child,Cardiology,37,7,2,15,61
23/02/2023,Child,Clinical (Medical) Genetics,401,355,290,229,"1,275"
23/02/2023,Child,Clinical Immunology,304,131,79,260,774
23/02/2023,Child,Dental Surgery,217,98,44,123,482
23/02/2023,Child,Dermatology,"1,331",535,284,688,"2,838"
23/02/2023,Child,Developmental Paediatrics,287,262,188,331,"1,068"
23/02/2023,Child,Endocrinology,19,4,0,0,23
23/02/2023,Child,General Medicine,26,4,2,2,34
23/02/2023,Child,General Surgery,840,327,183,201,"1,551"
23/02/2023,Child,Gynaecology,490,131,63,2,686
23/02/2023,Child,Haematology,74,11,4,0,89
23/02/2023,Child,Immunology,218,58,19,57,352
23/02/2023,Child,Maxillo-Facial,81,31,37,47,196
23/02/2023,Child,Neurology,30,8,4,6,48
23/02/2023,Child,Ophthalmology,"2,221",792,393,882,"4,288"
23/02/2023,Child,Oral Surgery,121,50,23,29,223
23/02/2023,Child,Orthopaedics,"1,503",697,260,383,"2,843"
23/02/2023,Child,Otolaryngology (ENT),"4,626","2,153","1,184","1,321","9,284"
23/02/2023,Child,Paed Cardiology,"2,165","1,152",771,217,"4,305"
23/02/2023,Child,Paed Endocrinology,511,223,79,59,872
23/02/2023,Child,Paed Gastro-Enterol,551,159,98,20,828
23/02/2023,Child,Paed Haematology,192,46,9,2,249
23/02/2023,Child,Paed Metabolic Medicine,55,2,0,0,57
23/02/2023,Child,Paed Nephrology,265,126,22,10,423
23/02/2023,Child,Paed Orthopaedic,"1,623","1,075",469,693,"3,860"
23/02/2023,Child,Paediatric Dermatology,"2,361","1,718",715,"1,985","6,779"
23/02/2023,Child,Paediatric ENT,"2,991","1,365",625,"1,640","6,621"
23/02/2023,Child,Paediatric Infectious Diseases,54,9,4,0,67
23/02/2023,Child,Paediatric Neurology,951,249,68,2,"1,270"
23/02/2023,Child,Paediatric Neurosurgery,50,4,2,0,55
23/02/2023,Child,Paediatric Respiratory Medicine,693,417,269,637,"2,016"
23/02/2023,Child,Paediatric Surgery,"2,315","1,621",589,122,"4,647"
23/02/2023,Child,Paediatric Urology,446,320,203,140,"1,109"
23/02/2023,Child,Paediatrics,"13,626","5,160","1,495",218,"20,499"
23/02/2023,Child,Pain Relief,17,7,2,2,27
23/02/2023,Child,Plastic Surgery,768,362,253,283,"1,666"
23/02/2023,Child,Rheumatology,291,229,157,628,"1,305"
23/02/2023,Child,Small Volume Specialities,84,19,4,2,108
23/02/2023,Child,Urology,917,494,284,311,"2,006"
23/02/2023,Child,Vascular Surgery,15,8,0,2,25
30/03/2023,Adult,Breast Surgery,"2,096",20,0,0,"2,116"
30/03/2023,Adult,Cardio-Thoracic Surgery,282,60,14,22,378
30/03/2023,Adult,Cardiology,"19,056","9,327","3,928","2,388","34,699"
30/03/2023,Adult,Chemical Pathology,45,33,21,6,105
30/03/2023,Adult,Clinical (Medical) Genetics,"1,001",812,637,617,"3,067"
30/03/2023,Adult,Clinical Immunology,"1,254",657,139,5,"2,055"
30/03/2023,Adult,Clinical Neurophysiology,771,513,393,362,"2,039"
30/03/2023,Adult,Dermatology,"21,923","9,339","3,310","7,005","41,577"
30/03/2023,Adult,Diabetes Mellitus,"1,126",467,204,224,"2,021"
30/03/2023,Adult,Endocrinology,"7,535","4,753","2,221","4,442","18,951"
30/03/2023,Adult,Gastro-Enterology,"9,566","3,431","1,272","1,136","15,405"
30/03/2023,Adult,Gastro-Intestinal Surgery,285,80,25,10,400
30/03/2023,Adult,General Medicine,"10,639","5,398","2,425","2,487","20,949"
30/03/2023,Adult,General Surgery,"24,621","6,323","2,456","2,154","35,554"
30/03/2023,Adult,Geriatric Medicine,"2,976",343,82,116,"3,517"
30/03/2023,Adult,Gynaecology,"20,260","5,252","1,195","1,342","28,049"
30/03/2023,Adult,Haematology,"5,023","2,057",918,"1,196","9,194"
30/03/2023,Adult,Hepato-Biliary Surgery,62,29,10,2,103
30/03/2023,Adult,Infectious Diseases,"1,334",83,4,2,"1,423"
30/03/2023,Adult,Maxillo-Facial,"1,009",439,316,"1,036","2,800"
30/03/2023,Adult,Metabolic Medicine,103,37,10,10,160
30/03/2023,Adult,Microbiology,30,0,0,0,30
30/03/2023,Adult,Nephrology,"2,291",546,232,367,"3,436"
30/03/2023,Adult,Neurology,"9,507","5,046","2,770","5,915","23,238"
30/03/2023,Adult,Neurosurgery,"3,616","2,062","1,237","2,377","9,292"
30/03/2023,Adult,Oncology,637,4,2,0,643
30/03/2023,Adult,Ophthalmology,"15,986","6,598","3,579","7,386","33,549"
30/03/2023,Adult,Oral Surgery,533,331,215,"1,232","2,311"
30/03/2023,Adult,Orthopaedics,"31,307","18,568","7,174","7,788","64,837"
30/03/2023,Adult,Otolaryngology (ENT),"18,869","9,630","4,316","8,294","41,109"
30/03/2023,Adult,Paediatric Dermatology,38,14,2,0,54
30/03/2023,Adult,Paediatric Neurology,11,7,4,0,22
30/03/2023,Adult,Paediatrics,101,70,32,5,208
30/03/2023,Adult,Pain Relief,"5,218","3,301","1,838","4,112","14,469"
30/03/2023,Adult,Pathology,55,50,33,51,189
30/03/2023,Adult,Plastic Surgery,"7,271","3,299","1,632","4,402","16,604"
30/03/2023,Adult,Psychiatry,498,44,4,2,548
30/03/2023,Adult,Radiology,82,148,7,2,239
30/03/2023,Adult,Radiotherapy,41,0,0,0,41
30/03/2023,Adult,Respiratory Medicine,"11,131","4,711","1,856","2,619","20,317"
30/03/2023,Adult,Rheumatology,"7,160","3,271","1,526","2,664","14,621"
30/03/2023,Adult,Small Volume Specialities,87,25,22,2,135
30/03/2023,Adult,Urology,"12,204","5,609","2,378","4,367","24,558"
30/03/2023,Adult,Vascular Surgery,"6,419","3,442","1,474","2,579","13,914"
30/03/2023,Child,Cardio-Thoracic Surgery,42,2,4,2,50
30/03/2023,Child,Cardiology,34,10,2,15,61
30/03/2023,Child,Clinical (Medical) Genetics,447,361,288,203,"1,299"
30/03/2023,Child,Clinical Immunology,380,134,62,248,824
30/03/2023,Child,Dental Surgery,202,93,48,105,448
30/03/2023,Child,Dermatology,"1,402",532,304,695,"2,933"
30/03/2023,Child,Developmental Paediatrics,286,268,169,305,"1,028"
30/03/2023,Child,Endocrinology,20,4,0,0,24
30/03/2023,Child,Gastro-Enterology,19,4,4,0,27
30/03/2023,Child,General Medicine,29,4,2,2,37
30/03/2023,Child,General Surgery,887,367,181,163,"1,598"
30/03/2023,Child,Gynaecology,479,140,69,2,690
30/03/2023,Child,Haematology,76,9,2,2,89
30/03/2023,Child,Immunology,235,68,14,30,347
30/03/2023,Child,Maxillo-Facial,77,37,31,51,196
30/03/2023,Child,Neurology,35,4,4,2,45
30/03/2023,Child,Ophthalmology,"2,257",812,330,725,"4,124"
30/03/2023,Child,Oral Surgery,123,58,19,32,232
30/03/2023,Child,Orthopaedics,"1,490",708,253,409,"2,860"
30/03/2023,Child,Otolaryngology (ENT),"5,167","2,177","1,133",994,"9,471"
30/03/2023,Child,Paed Cardiology,"2,216","1,150",703,73,"4,142"
30/03/2023,Child,Paed Endocrinology,506,204,49,51,810
30/03/2023,Child,Paed Gastro-Enterol,533,140,93,31,797
30/03/2023,Child,Paed Haematology,193,41,4,0,238
30/03/2023,Child,Paed Metabolic Medicine,44,2,2,0,48
30/03/2023,Child,Paed Nephrology,267,133,21,8,429
30/03/2023,Child,Paed Orthopaedic,"1,669","1,104",474,628,"3,875"
30/03/2023,Child,Paediatric Dermatology,"2,467","1,710",805,"1,768","6,750"
30/03/2023,Child,Paediatric ENT,"3,433","1,452",654,"1,527","7,066"
30/03/2023,Child,Paediatric Infectious Diseases,51,11,4,2,68
30/03/2023,Child,Paediatric Neurology,958,293,41,5,"1,297"
30/03/2023,Child,Paediatric Neurosurgery,38,4,2,0,44
30/03/2023,Child,Paediatric Respiratory Medicine,748,384,288,585,"2,005"
30/03/2023,Child,Paediatric Surgery,"2,400","1,608",654,56,"4,718"
30/03/2023,Child,Paediatric Urology,493,305,220,78,"1,096"
30/03/2023,Child,Paediatrics,"13,938","5,304","1,634",252,"21,128"
30/03/2023,Child,Pain Relief,16,12,2,2,32
30/03/2023,Child,Plastic Surgery,748,370,211,268,"1,597"
30/03/2023,Child,Rheumatology,297,202,168,611,"1,278"
30/03/2023,Child,Small Volume Specialities,64,16,4,2,86
30/03/2023,Child,Urology,926,523,212,364,"2,025"
30/03/2023,Child,Vascular Surgery,13,4,2,2,21
27/04/2023,Adult,Breast Surgery,"2,046",32,2,0,"2,080"
27/04/2023,Adult,Cardio-Thoracic Surgery,301,50,14,21,386
27/04/2023,Adult,Cardiology,"18,876","9,795","3,818","2,291","34,780"
27/04/2023,Adult,Chemical Pathology,52,33,12,2,100
27/04/2023,Adult,Clinical (Medical) Genetics,930,830,644,660,"3,064"
27/04/2023,Adult,Clinical Immunology,"1,230",628,218,5,"2,081"
27/04/2023,Adult,Clinical Neurophysiology,762,513,374,323,"1,972"
27/04/2023,Adult,Dermatology,"22,068","9,557","3,397","6,832","41,854"
27/04/2023,Adult,Diabetes Mellitus,"1,240",515,213,223,"2,191"
27/04/2023,Adult,Endocrinology,"7,510","4,742","2,397","4,602","19,251"
27/04/2023,Adult,Gastro-Enterology,"9,823","3,443","1,268","1,021","15,555"
27/04/2023,Adult,Gastro-Intestinal Surgery,227,65,26,7,325
27/04/2023,Adult,General Medicine,"10,888","5,441","2,446","2,554","21,329"
27/04/2023,Adult,General Surgery,"24,686","6,389","2,445","2,049","35,569"
27/04/2023,Adult,Geriatric Medicine,"2,988",384,82,110,"3,564"
27/04/2023,Adult,Gynaecology,"20,444","5,260","1,297","1,294","28,295"
27/04/2023,Adult,Haematology,"5,288","2,180",896,"1,151","9,515"
27/04/2023,Adult,Hepato-Biliary Surgery,58,26,9,2,95
27/04/2023,Adult,Infectious Diseases,"1,311",150,2,2,"1,465"
27/04/2023,Adult,Maxillo-Facial,"1,070",450,284,"1,031","2,835"
27/04/2023,Adult,Metabolic Medicine,100,39,8,9,156
27/04/2023,Adult,Microbiology,36,0,0,0,36
27/04/2023,Adult,Nephrology,"2,315",551,227,338,"3,431"
27/04/2023,Adult,Neurology,"9,518","5,196","2,753","5,805","23,272"
27/04/2023,Adult,Neurosurgery,"3,629","2,187","1,249","2,519","9,584"
27/04/2023,Adult,Oncology,597,2,0,0,599
27/04/2023,Adult,Ophthalmology,"15,985","6,637","3,486","7,416","33,524"
27/04/2023,Adult,Oral Surgery,506,325,221,"1,225","2,277"
27/04/2023,Adult,Orthopaedics,"30,894","18,588","6,816","7,689","63,987"
27/04/2023,Adult,Otolaryngology (ENT),"18,830","9,836","4,253","7,775","40,694"
27/04/2023,Adult,Paediatric Dermatology,31,17,4,0,52
27/04/2023,Adult,Paediatric ENT,8,9,4,0,22
27/04/2023,Adult,Paediatric Neurology,11,9,0,0,20
27/04/2023,Adult,Paediatric Surgery,7,4,7,2,20
27/04/2023,Adult,Paediatrics,95,71,28,2,196
27/04/2023,Adult,Pain Relief,"5,305","3,297","1,843","3,953","14,398"
27/04/2023,Adult,Palliative Medicine,24,0,2,0,26
27/04/2023,Adult,Pathology,57,56,25,53,191
27/04/2023,Adult,Plastic Surgery,"7,554","3,257","1,570","4,319","16,700"
27/04/2023,Adult,Psychiatry,454,41,2,2,499
27/04/2023,Adult,Radiotherapy,53,0,0,0,53
27/04/2023,Adult,Respiratory Medicine,"11,512","4,831","1,837","2,679","20,859"
27/04/2023,Adult,Rheumatology,"7,420","3,102","1,383","2,583","14,488"
27/04/2023,Adult,Small Volume Specialities,61,18,13,0,92
27/04/2023,Adult,Urology,"12,455","5,799","2,313","4,272","24,839"
27/04/2023,Adult,Vascular Surgery,"6,560","3,448","1,445","2,402","13,855"
27/04/2023,Child,Cardio-Thoracic Surgery,33,4,4,0,41
27/04/2023,Child,Cardiology,37,11,4,14,66
27/04/2023,Child,Clinical (Medical) Genetics,450,366,274,170,"1,260"
27/04/2023,Child,Clinical Immunology,384,138,61,243,826
27/04/2023,Child,Dental Surgery,161,84,47,83,375
27/04/2023,Child,Dermatology,"1,428",526,292,697,"2,943"
27/04/2023,Child,Developmental Paediatrics,278,265,170,325,"1,038"
27/04/2023,Child,Gastro-Enterology,20,4,4,0,27
27/04/2023,Child,General Medicine,37,5,2,0,44
27/04/2023,Child,General Surgery,846,373,170,168,"1,557"
27/04/2023,Child,Gynaecology,488,148,65,13,714
27/04/2023,Child,Haematology,77,8,4,2,91
27/04/2023,Child,Immunology,241,78,18,26,363
27/04/2023,Child,Maxillo-Facial,70,39,30,52,191
27/04/2023,Child,Neurology,39,4,4,2,48
27/04/2023,Child,Ophthalmology,"2,238",769,350,732,"4,089"
27/04/2023,Child,Oral Surgery,117,60,21,31,229
27/04/2023,Child,Orthopaedics,"1,476",716,264,428,"2,884"
27/04/2023,Child,Otolaryngology (ENT),"5,391","2,246","1,101",969,"9,707"
27/04/2023,Child,Paed Cardiology,"2,142","1,162",709,21,"4,034"
27/04/2023,Child,Paed Endocrinology,473,199,35,55,762
27/04/2023,Child,Paed Gastro-Enterol,488,130,79,46,743
27/04/2023,Child,Paed Haematology,228,30,2,0,260
27/04/2023,Child,Paed Metabolic Medicine,42,4,2,2,50
27/04/2023,Child,Paed Nephrology,277,120,21,7,425
27/04/2023,Child,Paed Orthopaedic,"1,607","1,115",488,607,"3,817"
27/04/2023,Child,Paediatric Dermatology,"2,583","1,654",849,"1,758","6,844"
27/04/2023,Child,Paediatric ENT,"3,576","1,439",679,"1,549","7,243"
27/04/2023,Child,Paediatric Infectious Diseases,56,8,4,2,70
27/04/2023,Child,Paediatric Neurology,874,262,24,2,"1,162"
27/04/2023,Child,Paediatric Neurosurgery,38,4,2,0,44
27/04/2023,Child,Paediatric Respiratory Medicine,768,402,292,584,"2,046"
27/04/2023,Child,Paediatric Surgery,"2,298","1,587",661,30,"4,576"
27/04/2023,Child,Paediatric Urology,521,281,227,35,"1,064"
27/04/2023,Child,Paediatrics,"14,023","5,478","1,744",303,"21,548"
27/04/2023,Child,Pain Relief,19,10,2,2,33
27/04/2023,Child,Plastic Surgery,716,319,209,272,"1,516"
27/04/2023,Child,Rheumatology,288,184,178,613,"1,263"
27/04/2023,Child,Small Volume Specialities,87,21,10,4,122
27/04/2023,Child,Urology,914,520,211,328,"1,973"
25/05/2023,Adult,Breast Surgery,"2,099",11,2,0,"2,112"
25/05/2023,Adult,Cardio-Thoracic Surgery,279,45,23,20,367
25/05/2023,Adult,Cardiology,"19,686","9,302","3,920","2,163","35,071"
25/05/2023,Adult,Chemical Pathology,58,30,11,2,101
25/05/2023,Adult,Clinical (Medical) Genetics,952,805,685,704,"3,146"
25/05/2023,Adult,Clinical Immunology,"1,273",616,279,8,"2,176"
25/05/2023,Adult,Clinical Neurophysiology,698,462,418,292,"1,870"
25/05/2023,Adult,Dermatology,"22,820","9,564","3,641","6,939","42,964"
25/05/2023,Adult,Diabetes Mellitus,"1,249",483,223,217,"2,172"
25/05/2023,Adult,Endocrinology,"7,923","4,612","2,597","4,680","19,812"
25/05/2023,Adult,Gastro-Enterology,"10,055","3,462","1,245",845,"15,607"
25/05/2023,Adult,Gastro-Intestinal Surgery,175,54,25,9,263
25/05/2023,Adult,General Medicine,"11,153","5,173","2,548","2,591","21,465"
25/05/2023,Adult,General Surgery,"24,864","6,316","2,405","1,764","35,349"
25/05/2023,Adult,Geriatric Medicine,"3,151",431,89,112,"3,783"
25/05/2023,Adult,Gynaecology,"20,838","5,235","1,350","1,332","28,755"
25/05/2023,Adult,Haematology,"5,291","2,097",917,"1,023","9,328"
25/05/2023,Adult,Hepato-Biliary Surgery,73,23,2,0,98
25/05/2023,Adult,Infectious Diseases,"1,442",209,2,2,"1,655"
25/05/2023,Adult,Maxillo-Facial,"1,177",460,262,"1,049","2,948"
25/05/2023,Adult,Metabolic Medicine,77,35,4,7,123
25/05/2023,Adult,Microbiology,30,2,0,0,33
25/05/2023,Adult,Nephrology,"2,379",485,254,320,"3,438"
25/05/2023,Adult,Neurology,"9,846","4,948","2,781","5,651","23,226"
25/05/2023,Adult,Neurosurgery,"3,678","2,081","1,250","2,333","9,342"
25/05/2023,Adult,Oncology,552,4,0,0,556
25/05/2023,Adult,Ophthalmology,"16,370","6,474","3,499","7,307","33,650"
25/05/2023,Adult,Oral Surgery,594,325,217,"1,226","2,362"
25/05/2023,Adult,Orthopaedics,"31,985","18,363","6,795","7,520","64,663"
25/05/2023,Adult,Otolaryngology (ENT),"19,473","9,112","4,274","7,687","40,546"
25/05/2023,Adult,Paediatric Dermatology,17,28,4,0,50
25/05/2023,Adult,Paediatrics,99,78,29,6,212
25/05/2023,Adult,Pain Relief,"5,626","3,255","1,884","3,848","14,613"
25/05/2023,Adult,Palliative Medicine,24,0,2,0,26
25/05/2023,Adult,Pathology,49,44,33,62,188
25/05/2023,Adult,Plastic Surgery,"7,730","3,182","1,574","4,244","16,730"
25/05/2023,Adult,Psychiatry,432,43,5,0,480
25/05/2023,Adult,Radiotherapy,34,0,0,0,34
25/05/2023,Adult,Respiratory Medicine,"12,098","4,881","1,884","2,684","21,547"
25/05/2023,Adult,Rheumatology,"7,658","3,073","1,355","2,469","14,555"
25/05/2023,Adult,Small Volume Specialities,90,34,16,4,145
25/05/2023,Adult,Urology,"12,558","5,631","2,271","4,285","24,745"
25/05/2023,Adult,Vascular Surgery,"6,733","3,259","1,552","2,123","13,667"
25/05/2023,Child,Cardio-Thoracic Surgery,39,4,2,0,45
25/05/2023,Child,Cardiology,48,12,4,14,78
25/05/2023,Child,Clinical (Medical) Genetics,469,350,286,138,"1,243"
25/05/2023,Child,Clinical Immunology,475,144,55,225,899
25/05/2023,Child,Dental Surgery,158,83,41,25,307
25/05/2023,Child,Dermatology,"1,477",505,313,723,"3,018"
25/05/2023,Child,Developmental Paediatrics,295,250,175,309,"1,029"
25/05/2023,Child,Gastro-Enterology,22,4,4,0,30
25/05/2023,Child,General Medicine,33,4,2,0,39
25/05/2023,Child,General Surgery,809,373,163,174,"1,519"
25/05/2023,Child,Gynaecology,512,131,66,17,726
25/05/2023,Child,Haematology,69,16,4,2,91
25/05/2023,Child,Immunology,256,75,8,9,348
25/05/2023,Child,Maxillo-Facial,83,35,27,53,198
25/05/2023,Child,Neurology,35,8,2,2,47
25/05/2023,Child,Ophthalmology,"2,257",741,401,689,"4,088"
25/05/2023,Child,Oral Surgery,101,74,23,30,228
25/05/2023,Child,Orthopaedics,"1,580",698,278,437,"2,993"
25/05/2023,Child,Otolaryngology (ENT),"5,756","2,176","1,101",876,"9,909"
25/05/2023,Child,Paed Cardiology,"2,100","1,116",706,89,"4,011"
25/05/2023,Child,Paed Endocrinology,460,211,38,59,768
25/05/2023,Child,Paed Gastro-Enterol,566,127,74,58,825
25/05/2023,Child,Paed Haematology,216,21,2,2,241
25/05/2023,Child,Paed Metabolic Medicine,43,4,2,0,49
25/05/2023,Child,Paed Nephrology,297,111,22,2,432
25/05/2023,Child,Paed Orthopaedic,"1,668","1,047",516,641,"3,872"
25/05/2023,Child,Paediatric Dermatology,"2,743","1,532",903,"1,765","6,943"
25/05/2023,Child,Paediatric ENT,"3,843","1,320",696,"1,640","7,499"
25/05/2023,Child,Paediatric Infectious Diseases,66,4,4,2,76
25/05/2023,Child,Paediatric Neurology,837,283,16,0,"1,136"
25/05/2023,Child,Paediatric Neurosurgery,30,4,0,0,34
25/05/2023,Child,Paediatric Respiratory Medicine,831,377,293,567,"2,068"
25/05/2023,Child,Paediatric Surgery,"2,313","1,438",683,21,"4,455"
25/05/2023,Child,Paediatric Urology,575,281,198,23,"1,077"
25/05/2023,Child,Paediatrics,"14,086","5,420","1,838",349,"21,693"
25/05/2023,Child,Pain Relief,26,4,4,2,36
25/05/2023,Child,Plastic Surgery,797,290,190,271,"1,548"
25/05/2023,Child,Respiratory Medicine,18,2,2,0,22
25/05/2023,Child,Rheumatology,310,161,181,610,"1,262"
25/05/2023,Child,Small Volume Specialities,78,17,13,2,110
25/05/2023,Child,Urology,958,479,171,316,"1,924"
29/06/2023,Adult,Breast Surgery,"1,896",14,0,0,"1,910"
29/06/2023,Adult,Cardio-Thoracic Surgery,280,44,25,21,370
29/06/2023,Adult,Cardiology,"21,657","9,106","4,077","2,106","36,946"
29/06/2023,Adult,Chemical Pathology,52,29,2,0,83
29/06/2023,Adult,Clinical (Medical) Genetics,"1,013",805,733,724,"3,275"
29/06/2023,Adult,Clinical Immunology,"1,235",654,357,11,"2,257"
29/06/2023,Adult,Clinical Neurophysiology,711,428,432,309,"1,880"
29/06/2023,Adult,Dermatology,"24,754","8,864","3,964","6,748","44,330"
29/06/2023,Adult,Diabetes Mellitus,"1,245",445,205,156,"2,051"
29/06/2023,Adult,Endocrinology,"7,943","4,214","2,773","4,418","19,348"
29/06/2023,Adult,Gastro-Enterology,"10,669","3,385","1,176",746,"15,976"
29/06/2023,Adult,Gastro-Intestinal Surgery,160,58,26,9,253
29/06/2023,Adult,General Medicine,"10,267","4,261","2,370","2,205","19,103"
29/06/2023,Adult,General Surgery,"25,873","5,769","2,469","1,530","35,641"
29/06/2023,Adult,Geriatric Medicine,"3,234",392,90,115,"3,831"
29/06/2023,Adult,Gynaecology,"21,285","4,728","1,383","1,263","28,659"
29/06/2023,Adult,Haematology,"5,415","1,891",988,898,"9,192"
29/06/2023,Adult,Hepato-Biliary Surgery,74,20,0,0,94
29/06/2023,Adult,Infectious Diseases,"1,031",440,2,2,"1,475"
29/06/2023,Adult,Maxillo-Facial,"1,680",747,508,"2,268","5,203"
29/06/2023,Adult,Metabolic Medicine,86,24,4,2,116
29/06/2023,Adult,Microbiology,25,2,2,0,29
29/06/2023,Adult,Nephrology,"2,528",493,250,298,"3,569"
29/06/2023,Adult,Neurology,"10,052","4,739","2,627","5,456","22,874"
29/06/2023,Adult,Neurosurgery,"3,844","2,017","1,287","2,437","9,585"
29/06/2023,Adult,Oncology,575,8,0,0,583
29/06/2023,Adult,Ophthalmology,"16,701","6,562","3,573","6,837","33,673"
29/06/2023,Adult,Orthopaedics,"33,058","17,458","7,180","7,171","64,867"
29/06/2023,Adult,Otolaryngology (ENT),"19,900","8,768","4,187","6,259","39,114"
29/06/2023,Adult,Paediatric Dermatology,11,31,4,2,48
29/06/2023,Adult,Paediatric Neurology,12,9,0,0,21
29/06/2023,Adult,Paediatrics,112,75,19,6,212
29/06/2023,Adult,Pain Relief,"5,781","3,280","1,935","3,653","14,649"
29/06/2023,Adult,Palliative Medicine,22,2,2,0,26
29/06/2023,Adult,Pathology,62,31,37,68,198
29/06/2023,Adult,Plastic Surgery,"8,368","2,986","1,561","3,829","16,744"
29/06/2023,Adult,Psychiatry,453,31,10,0,494
29/06/2023,Adult,Radiotherapy,48,0,0,0,48
29/06/2023,Adult,Respiratory Medicine,"12,396","4,678","1,925","2,631","21,630"
29/06/2023,Adult,Rheumatology,"8,020","2,873","1,364","2,247","14,504"
29/06/2023,Adult,Small Volume Specialities,69,28,13,8,118
29/06/2023,Adult,Urology,"12,583","5,210","2,088","3,814","23,695"
29/06/2023,Adult,Vascular Surgery,"7,453","2,975","1,740","1,720","13,888"
29/06/2023,Child,Cardio-Thoracic Surgery,59,2,4,0,64
29/06/2023,Child,Cardiology,43,12,6,16,77
29/06/2023,Child,Clinical (Medical) Genetics,492,355,294,65,"1,206"
29/06/2023,Child,Clinical Immunology,494,161,60,208,923
29/06/2023,Child,Dental Surgery,176,86,44,12,318
29/06/2023,Child,Dermatology,"1,555",473,340,710,"3,078"
29/06/2023,Child,Developmental Paediatrics,260,232,194,302,988
29/06/2023,Child,Gastro-Enterology,26,4,2,0,32
29/06/2023,Child,General Medicine,24,5,2,0,31
29/06/2023,Child,General Surgery,862,357,165,167,"1,551"
29/06/2023,Child,Gynaecology,537,131,61,12,741
29/06/2023,Child,Haematology,68,14,4,2,88
29/06/2023,Child,Immunology,253,73,4,6,336
29/06/2023,Child,Maxillo-Facial,191,103,46,87,427
29/06/2023,Child,Neurology,27,8,4,2,40
29/06/2023,Child,Ophthalmology,"2,166",744,408,650,"3,968"
29/06/2023,Child,Orthopaedics,"1,566",670,302,446,"2,984"
29/06/2023,Child,Otolaryngology (ENT),"5,861","2,239","1,001",628,"9,729"
29/06/2023,Child,Paed Cardiology,"2,147","1,152",642,188,"4,129"
29/06/2023,Child,Paed Endocrinology,458,195,28,50,731
29/06/2023,Child,Paed Gastro-Enterol,577,137,61,76,851
29/06/2023,Child,Paed Haematology,231,17,2,2,252
29/06/2023,Child,Paed Metabolic Medicine,38,4,2,2,45
29/06/2023,Child,Paed Nephrology,312,119,17,7,455
29/06/2023,Child,Paed Orthopaedic,"1,789","1,045",521,594,"3,949"
29/06/2023,Child,Paediatric Dermatology,"2,905","1,377",881,"1,547","6,710"
29/06/2023,Child,Paediatric ENT,"3,841","1,433",678,"1,502","7,454"
29/06/2023,Child,Paediatric Infectious Diseases,51,4,0,0,55
29/06/2023,Child,Paediatric Neurology,783,294,17,2,"1,096"
29/06/2023,Child,Paediatric Neurosurgery,26,2,0,0,28
29/06/2023,Child,Paediatric Respiratory Medicine,787,360,275,486,"1,908"
29/06/2023,Child,Paediatric Surgery,"2,298","1,363",559,25,"4,245"
29/06/2023,Child,Paediatric Urology,592,291,187,33,"1,103"
29/06/2023,Child,Paediatrics,"14,007","5,122","1,736",444,"21,309"
29/06/2023,Child,Pain Relief,19,4,2,2,27
29/06/2023,Child,Plastic Surgery,748,291,163,259,"1,461"
29/06/2023,Child,Respiratory Medicine,18,4,2,0,24
29/06/2023,Child,Rheumatology,311,156,172,611,"1,250"
29/06/2023,Child,Small Volume Specialities,59,19,11,0,89
29/06/2023,Child,Urology,965,466,161,326,"1,918"
27/07/2023,Adult,Breast Surgery,"2,109",16,0,0,"2,125"
27/07/2023,Adult,Cardio-Thoracic Surgery,313,41,27,23,404
27/07/2023,Adult,Cardiology,"22,210","8,377","4,160","1,837","36,584"
27/07/2023,Adult,Chemical Pathology,49,14,0,0,63
27/07/2023,Adult,Clinical (Medical) Genetics,"1,048",752,793,766,"3,359"
27/07/2023,Adult,Clinical Immunology,"1,312",603,413,6,"2,334"
27/07/2023,Adult,Clinical Neurophysiology,626,393,434,283,"1,736"
27/07/2023,Adult,Dermatology,"26,077","8,673","4,255","6,582","45,587"
27/07/2023,Adult,Diabetes Mellitus,"1,340",419,192,106,"2,057"
27/07/2023,Adult,Endocrinology,"8,159","4,058","2,982","4,429","19,628"
27/07/2023,Adult,Gastro-Enterology,"11,111","3,478","1,166",641,"16,396"
27/07/2023,Adult,Gastro-Intestinal Surgery,163,70,27,9,269
27/07/2023,Adult,General Medicine,"10,417","3,866","2,507","2,150","18,940"
27/07/2023,Adult,General Surgery,"26,459","5,714","2,502","1,429","36,104"
27/07/2023,Adult,Geriatric Medicine,"3,271",391,93,99,"3,854"
27/07/2023,Adult,Gynaecology,"22,138","4,597","1,362","1,082","29,179"
27/07/2023,Adult,Haematology,"5,472","1,880","1,052",793,"9,197"
27/07/2023,Adult,Hepato-Biliary Surgery,81,14,2,0,97
27/07/2023,Adult,Infectious Diseases,860,443,2,2,"1,307"
27/07/2023,Adult,Maxillo-Facial,"1,713",668,480,"1,637","4,498"
27/07/2023,Adult,Metabolic Medicine,94,23,2,2,121
27/07/2023,Adult,Microbiology,26,0,0,2,28
27/07/2023,Adult,Nephrology,"2,744",495,250,284,"3,773"
27/07/2023,Adult,Neurology,"10,432","4,687","2,619","5,230","22,968"
27/07/2023,Adult,Neurosurgery,"3,980","2,096","1,251","2,602","9,929"
27/07/2023,Adult,Oncology,564,6,0,0,570
27/07/2023,Adult,Ophthalmology,"17,075","6,565","3,689","6,302","33,631"
27/07/2023,Adult,Orthopaedics,"33,953","16,661","7,785","6,576","64,975"
27/07/2023,Adult,Otolaryngology (ENT),"20,426","8,588","4,338","5,908","39,260"
27/07/2023,Adult,Paediatric Dermatology,9,32,4,0,45
27/07/2023,Adult,Paediatric Neurology,10,12,2,0,24
27/07/2023,Adult,Paediatrics,117,77,31,7,232
27/07/2023,Adult,Pain Relief,"5,912","3,408","1,925","3,617","14,862"
27/07/2023,Adult,Palliative Medicine,31,6,2,0,39
27/07/2023,Adult,Pathology,36,40,37,63,176
27/07/2023,Adult,Plastic Surgery,"8,733","2,903","1,468","3,658","16,762"
27/07/2023,Adult,Psychiatry,445,33,7,0,485
27/07/2023,Adult,Radiology,32,4,2,2,40
27/07/2023,Adult,Radiotherapy,40,0,0,0,40
27/07/2023,Adult,Respiratory Medicine,"12,300","4,742","2,037","2,550","21,629"
27/07/2023,Adult,Rheumatology,"8,381","2,665","1,424","2,041","14,511"
27/07/2023,Adult,Small Volume Specialities,81,24,15,8,128
27/07/2023,Adult,Urology,"12,967","4,757","1,970","3,618","23,312"
27/07/2023,Adult,Vascular Surgery,"8,048","2,818","1,805","1,590","14,261"
27/07/2023,Child,Cardio-Thoracic Surgery,56,2,2,0,60
27/07/2023,Child,Cardiology,47,10,7,16,80
27/07/2023,Child,Clinical (Medical) Genetics,548,335,296,42,"1,221"
27/07/2023,Child,Clinical Immunology,438,175,73,183,869
27/07/2023,Child,Dental Surgery,184,88,40,7,319
27/07/2023,Child,Dermatology,"1,617",491,366,694,"3,168"
27/07/2023,Child,Developmental Paediatrics,355,248,208,290,"1,101"
27/07/2023,Child,Gastro-Enterology,26,4,2,0,31
27/07/2023,Child,General Medicine,23,7,2,0,31
27/07/2023,Child,General Surgery,882,340,155,156,"1,533"
27/07/2023,Child,Gynaecology,518,142,63,9,732
27/07/2023,Child,Haematology,71,9,4,2,85
27/07/2023,Child,Immunology,252,71,4,2,328
27/07/2023,Child,Maxillo-Facial,206,99,46,85,436
27/07/2023,Child,Neurology,23,10,4,2,38
27/07/2023,Child,Ophthalmology,"2,070",755,454,644,"3,923"
27/07/2023,Child,Orthopaedics,"1,612",619,321,442,"2,994"
27/07/2023,Child,Otolaryngology (ENT),"5,812","2,367","1,034",511,"9,724"
27/07/2023,Child,Paed Cardiology,"2,242","1,216",669,245,"4,372"
27/07/2023,Child,Paed Endocrinology,490,168,27,38,723
27/07/2023,Child,Paed Gastro-Enterol,589,156,59,74,878
27/07/2023,Child,Paed Haematology,260,17,2,0,279
27/07/2023,Child,Paed Metabolic Medicine,42,4,2,2,49
27/07/2023,Child,Paed Nephrology,307,124,21,5,457
27/07/2023,Child,Paed Orthopaedic,"1,782","1,076",573,556,"3,987"
27/07/2023,Child,Paediatric Dermatology,"2,939","1,393",950,"1,341","6,623"
27/07/2023,Child,Paediatric ENT,"3,680","1,673",723,"1,415","7,491"
27/07/2023,Child,Paediatric Infectious Diseases,44,4,2,2,51
27/07/2023,Child,Paediatric Neurology,739,308,20,2,"1,069"
27/07/2023,Child,Paediatric Neurosurgery,34,4,0,2,39
27/07/2023,Child,Paediatric Respiratory Medicine,734,350,279,418,"1,781"
27/07/2023,Child,Paediatric Surgery,"2,377","1,351",563,25,"4,316"
27/07/2023,Child,Paediatric Urology,576,288,177,46,"1,087"
27/07/2023,Child,Paediatrics,"13,648","5,018","1,865",426,"20,957"
27/07/2023,Child,Pain Relief,17,7,2,2,27
27/07/2023,Child,Plastic Surgery,795,270,156,248,"1,469"
27/07/2023,Child,Rheumatology,318,151,169,610,"1,248"
27/07/2023,Child,Small Volume Specialities,73,23,13,2,110
27/07/2023,Child,Urology,985,492,145,311,"1,933"
31/08/2023,Adult,Breast Surgery,"2,110",10,0,0,"2,120"
31/08/2023,Adult,Cardio-Thoracic Surgery,345,41,26,24,436
31/08/2023,Adult,Cardiology,"22,051","8,967","3,868","1,712","36,598"
31/08/2023,Adult,Chemical Pathology,39,7,0,0,46
31/08/2023,Adult,Clinical (Medical) Genetics,878,741,704,733,"3,056"
31/08/2023,Adult,Clinical Immunology,"1,281",661,454,17,"2,413"
31/08/2023,Adult,Clinical Neurophysiology,625,401,414,289,"1,729"
31/08/2023,Adult,Dermatology,"27,056","9,247","4,336","5,814","46,453"
31/08/2023,Adult,Diabetes Mellitus,"1,248",410,143,87,"1,888"
31/08/2023,Adult,Endocrinology,"8,233","4,110","3,068","4,601","20,012"
31/08/2023,Adult,Gastro-Enterology,"11,192","3,779","1,168",602,"16,741"
31/08/2023,Adult,Gastro-Intestinal Surgery,137,82,24,12,255
31/08/2023,Adult,General Medicine,"10,193","4,270","2,395","2,250","19,108"
31/08/2023,Adult,General Surgery,"26,525","5,805","2,130","1,364","35,824"
31/08/2023,Adult,Geriatric Medicine,"3,343",457,104,94,"3,998"
31/08/2023,Adult,Gynaecology,"22,204","4,892","1,384",968,"29,448"
31/08/2023,Adult,Haematology,"5,448","1,877",996,781,"9,102"
31/08/2023,Adult,Hepato-Biliary Surgery,92,18,2,0,112
31/08/2023,Adult,Infectious Diseases,877,489,2,2,"1,370"
31/08/2023,Adult,Maxillo-Facial,"1,710",651,466,"1,093","3,920"
31/08/2023,Adult,Metabolic Medicine,114,20,4,2,141
31/08/2023,Adult,Microbiology,28,0,0,2,30
31/08/2023,Adult,Nephrology,"2,774",591,248,293,"3,906"
31/08/2023,Adult,Neurology,"10,546","4,842","2,489","5,125","23,002"
31/08/2023,Adult,Neurosurgery,"3,939","2,177","1,256","2,701","10,073"
31/08/2023,Adult,Oncology,577,11,0,0,588
31/08/2023,Adult,Ophthalmology,"16,502","6,972","3,562","6,013","33,049"
31/08/2023,Adult,Orthopaedics,"34,290","17,109","7,960","6,231","65,590"
31/08/2023,Adult,Otolaryngology (ENT),"19,614","9,091","3,869","5,705","38,279"
31/08/2023,Adult,Paediatric Dermatology,17,29,2,0,48
31/08/2023,Adult,Paediatric ENT,11,13,2,0,27
31/08/2023,Adult,Paediatric Neurology,11,9,2,0,23
31/08/2023,Adult,Paediatrics,103,73,41,9,226
31/08/2023,Adult,Pain Relief,"5,930","3,550","1,932","3,633","15,045"
31/08/2023,Adult,Palliative Medicine,26,7,0,0,33
31/08/2023,Adult,Pathology,53,38,40,62,193
31/08/2023,Adult,Plastic Surgery,"8,562","2,989","1,472","3,590","16,613"
31/08/2023,Adult,Psychiatry,428,22,8,0,458
31/08/2023,Adult,Radiology,61,2,0,2,66
31/08/2023,Adult,Radiotherapy,50,0,0,0,50
31/08/2023,Adult,Respiratory Medicine,"11,828","5,221","2,036","2,615","21,700"
31/08/2023,Adult,Rheumatology,"8,467","2,699","1,383","2,081","14,630"
31/08/2023,Adult,Small Volume Specialities,89,25,9,4,127
31/08/2023,Adult,Urology,"12,875","5,045","2,014","3,569","23,503"
31/08/2023,Adult,Vascular Surgery,"8,482","2,612","1,874","1,402","14,370"
31/08/2023,Child,Cardio-Thoracic Surgery,42,2,2,0,46
31/08/2023,Child,Cardiology,41,18,4,14,76
31/08/2023,Child,Clinical (Medical) Genetics,509,337,248,23,"1,117"
31/08/2023,Child,Clinical Immunology,362,207,80,177,826
31/08/2023,Child,Dental Surgery,212,79,50,14,355
31/08/2023,Child,Dermatology,"1,557",521,366,694,"3,138"
31/08/2023,Child,Developmental Paediatrics,372,223,220,281,"1,096"
31/08/2023,Child,Gastro-Enterology,26,4,0,0,29
31/08/2023,Child,General Medicine,23,4,0,2,28
31/08/2023,Child,General Surgery,837,359,158,151,"1,505"
31/08/2023,Child,Gynaecology,495,149,57,7,708
31/08/2023,Child,Haematology,80,14,4,0,98
31/08/2023,Child,Immunology,243,60,13,2,318
31/08/2023,Child,Maxillo-Facial,195,98,47,79,419
31/08/2023,Child,Neurology,22,8,4,2,35
31/08/2023,Child,Ophthalmology,"1,992",803,421,646,"3,862"
31/08/2023,Child,Orthopaedics,"1,521",660,325,441,"2,947"
31/08/2023,Child,Otolaryngology (ENT),"5,286","2,668",809,507,"9,270"
31/08/2023,Child,Paed Cardiology,"2,200","1,380",663,336,"4,579"
31/08/2023,Child,Paed Endocrinology,500,159,21,27,707
31/08/2023,Child,Paed Gastro-Enterol,612,187,65,79,943
31/08/2023,Child,Paed Haematology,255,33,2,0,290
31/08/2023,Child,Paed Metabolic Medicine,54,2,4,0,59
31/08/2023,Child,Paed Nephrology,300,148,31,2,481
31/08/2023,Child,Paed Orthopaedic,"1,817","1,015",616,573,"4,021"
31/08/2023,Child,Paediatric Dermatology,"2,997","1,434",938,"1,233","6,602"
31/08/2023,Child,Paediatric ENT,"3,188","1,996",730,"1,209","7,123"
31/08/2023,Child,Paediatric Infectious Diseases,52,4,2,0,57
31/08/2023,Child,Paediatric Neurology,698,341,17,2,"1,058"
31/08/2023,Child,Paediatric Neurosurgery,31,2,0,0,32
31/08/2023,Child,Paediatric Respiratory Medicine,711,357,262,347,"1,677"
31/08/2023,Child,Paediatric Surgery,"2,230","1,298",582,22,"4,132"
31/08/2023,Child,Paediatric Urology,575,295,137,42,"1,049"
31/08/2023,Child,Paediatrics,"13,015","5,549","1,803",549,"20,916"
31/08/2023,Child,Pain Relief,16,4,2,2,23
31/08/2023,Child,Plastic Surgery,833,268,147,254,"1,502"
31/08/2023,Child,Rheumatology,309,163,162,576,"1,210"
31/08/2023,Child,Small Volume Specialities,79,18,13,2,111
31/08/2023,Child,Urology,"1,004",492,156,322,"1,974"
28/09/2023,Adult,Breast Surgery,"2,114",11,0,0,"2,125"
28/09/2023,Adult,Cardio-Thoracic Surgery,310,39,26,25,400
28/09/2023,Adult,Cardiology,"22,377","9,302","3,705","1,836","37,220"
28/09/2023,Adult,Chemical Pathology,33,12,0,0,45
28/09/2023,Adult,Clinical (Medical) Genetics,849,749,688,774,"3,060"
28/09/2023,Adult,Clinical Immunology,"1,298",657,464,26,"2,445"
28/09/2023,Adult,Clinical Neurophysiology,650,411,386,287,"1,734"
28/09/2023,Adult,Dermatology,"27,815","9,563","4,386","5,728","47,492"
28/09/2023,Adult,Diabetes Mellitus,"1,265",424,102,65,"1,856"
28/09/2023,Adult,Endocrinology,"8,120","4,181","3,005","4,517","19,823"
28/09/2023,Adult,Gastro-Enterology,"11,126","3,921","1,199",498,"16,744"
28/09/2023,Adult,Gastro-Intestinal Surgery,112,110,21,17,260
28/09/2023,Adult,General Medicine,"9,746","4,170","2,206","2,197","18,319"
28/09/2023,Adult,General Surgery,"26,085","5,634","1,842","1,169","34,730"
28/09/2023,Adult,Geriatric Medicine,"3,302",434,125,90,"3,951"
28/09/2023,Adult,Gynaecology,"22,111","4,920","1,291",869,"29,191"
28/09/2023,Adult,Haematology,"5,410","1,860",954,710,"8,934"
28/09/2023,Adult,Hepato-Biliary Surgery,84,12,0,0,96
28/09/2023,Adult,Infectious Diseases,866,484,27,2,"1,379"
28/09/2023,Adult,Maxillo-Facial,"1,850",649,464,"1,156","4,119"
28/09/2023,Adult,Metabolic Medicine,108,14,8,2,132
28/09/2023,Adult,Microbiology,24,2,0,2,28
28/09/2023,Adult,Nephrology,"2,626",665,238,287,"3,816"
28/09/2023,Adult,Neurology,"10,450","4,870","2,430","5,000","22,750"
28/09/2023,Adult,Neurosurgery,"3,899","2,115","1,258","2,770","10,042"
28/09/2023,Adult,Oncology,522,9,0,0,531
28/09/2023,Adult,Ophthalmology,"16,557","7,318","3,743","5,907","33,525"
28/09/2023,Adult,Orthopaedics,"34,713","17,215","7,772","6,016","65,716"
28/09/2023,Adult,Otolaryngology (ENT),"19,698","8,952","3,511","5,436","37,597"
28/09/2023,Adult,Paediatric Dermatology,16,20,4,0,40
28/09/2023,Adult,Paediatric Neurology,7,14,2,0,23
28/09/2023,Adult,Paediatrics,114,68,38,8,228
28/09/2023,Adult,Pain Relief,"5,990","3,580","2,066","3,437","15,073"
28/09/2023,Adult,Palliative Medicine,27,9,0,0,36
28/09/2023,Adult,Pathology,56,32,43,59,190
28/09/2023,Adult,Plastic Surgery,"8,312","2,815","1,381","3,577","16,085"
28/09/2023,Adult,Psychiatry,394,26,8,2,430
28/09/2023,Adult,Radiotherapy,49,0,0,0,49
28/09/2023,Adult,Rehabilitation Medicine,24,0,0,0,24
28/09/2023,Adult,Respiratory Medicine,"11,897","5,288","1,947","2,666","21,798"
28/09/2023,Adult,Rheumatology,"8,391","2,781","1,430","1,825","14,427"
28/09/2023,Adult,Small Volume Specialities,94,30,8,8,140
28/09/2023,Adult,Urology,"12,672","5,101","1,763","3,274","22,810"
28/09/2023,Adult,Vascular Surgery,"8,776","2,528","1,968",970,"14,242"
28/09/2023,Child,Cardio-Thoracic Surgery,40,2,2,0,43
28/09/2023,Child,Cardiology,42,17,7,14,80
28/09/2023,Child,Clinical (Medical) Genetics,397,340,242,14,993
28/09/2023,Child,Clinical Immunology,364,217,95,175,851
28/09/2023,Child,Dental Surgery,213,87,52,16,368
28/09/2023,Child,Dermatology,"1,580",562,351,718,"3,211"
28/09/2023,Child,Developmental Paediatrics,379,235,211,255,"1,080"
28/09/2023,Child,Gastro-Enterology,18,9,0,0,27
28/09/2023,Child,General Medicine,18,4,0,2,23
28/09/2023,Child,General Surgery,857,375,149,158,"1,539"
28/09/2023,Child,Gynaecology,485,161,53,12,711
28/09/2023,Child,Haematology,91,17,4,0,112
28/09/2023,Child,Immunology,232,65,19,2,318
28/09/2023,Child,Maxillo-Facial,184,99,50,80,413
28/09/2023,Child,Neurology,22,7,4,2,34
28/09/2023,Child,Ophthalmology,"1,965",790,410,628,"3,793"
28/09/2023,Child,Orthopaedics,"1,492",666,345,454,"2,957"
28/09/2023,Child,Otolaryngology (ENT),"4,932","2,728",672,438,"8,770"
28/09/2023,Child,Paed Cardiology,"2,217","1,397",616,259,"4,489"
28/09/2023,Child,Paed Endocrinology,514,138,29,21,702
28/09/2023,Child,Paed Gastro-Enterol,552,196,77,81,906
28/09/2023,Child,Paed Haematology,241,40,2,0,283
28/09/2023,Child,Paed Metabolic Medicine,43,4,4,0,50
28/09/2023,Child,Paed Nephrology,315,150,39,5,509
28/09/2023,Child,Paed Orthopaedic,"1,846","1,023",683,603,"4,155"
28/09/2023,Child,Paediatric Dermatology,"2,879","1,468",889,"1,208","6,444"
28/09/2023,Child,Paediatric ENT,"2,969","1,956",784,"1,233","6,942"
28/09/2023,Child,Paediatric Infectious Diseases,41,4,2,0,46
28/09/2023,Child,Paediatric Neurology,695,355,23,2,"1,075"
28/09/2023,Child,Paediatric Neurosurgery,33,2,0,0,34
28/09/2023,Child,Paediatric Respiratory Medicine,654,402,239,322,"1,617"
28/09/2023,Child,Paediatric Surgery,"2,157","1,281",599,26,"4,063"
28/09/2023,Child,Paediatric Urology,559,297,150,50,"1,056"
28/09/2023,Child,Paediatrics,"12,833","5,721","1,802",588,"20,944"
28/09/2023,Child,Pain Relief,28,4,2,2,35
28/09/2023,Child,Plastic Surgery,796,257,148,257,"1,458"
28/09/2023,Child,Rheumatology,305,163,142,568,"1,178"
28/09/2023,Child,Small Volume Specialities,63,15,20,4,101
28/09/2023,Child,Urology,"1,026",492,172,326,"2,016"
26/10/2023,Adult,Breast Surgery,"2,370",7,0,0,"2,377"
26/10/2023,Adult,Cardio-Thoracic Surgery,303,42,23,25,393
26/10/2023,Adult,Cardiology,"22,329","9,170","3,552","1,548","36,599"
26/10/2023,Adult,Chemical Pathology,48,11,2,0,61
26/10/2023,Adult,Clinical (Medical) Genetics,809,724,693,819,"3,045"
26/10/2023,Adult,Clinical Immunology,"1,408",660,424,45,"2,537"
26/10/2023,Adult,Clinical Neurophysiology,659,420,380,271,"1,730"
26/10/2023,Adult,Dermatology,"28,471","10,006","4,460","5,891","48,828"
26/10/2023,Adult,Diabetes Mellitus,"1,287",433,91,41,"1,852"
26/10/2023,Adult,Endocrinology,"8,208","4,224","2,920","4,369","19,721"
26/10/2023,Adult,Gastro-Enterology,"11,021","3,861","1,143",422,"16,447"
26/10/2023,Adult,Gastro-Intestinal Surgery,128,93,25,22,268
26/10/2023,Adult,General Medicine,"9,440","3,937","1,998","2,056","17,431"
26/10/2023,Adult,General Surgery,"25,642","5,310","1,658","1,091","33,701"
26/10/2023,Adult,Geriatric Medicine,"3,400",468,116,81,"4,065"
26/10/2023,Adult,Gynaecology,"22,159","4,794","1,202",852,"29,007"
26/10/2023,Adult,Haematology,"5,608","1,881",932,633,"9,054"
26/10/2023,Adult,Hepato-Biliary Surgery,74,4,0,0,78
26/10/2023,Adult,Infectious Diseases,827,479,60,2,"1,368"
26/10/2023,Adult,Maxillo-Facial,"1,855",611,435,"1,119","4,020"
26/10/2023,Adult,Metabolic Medicine,114,9,9,2,134
26/10/2023,Adult,Microbiology,36,2,0,0,38
26/10/2023,Adult,Nephrology,"2,585",648,221,246,"3,700"
26/10/2023,Adult,Neurology,"10,215","4,568","2,324","4,858","21,965"
26/10/2023,Adult,Neurosurgery,"3,925","1,858","1,243","2,820","9,846"
26/10/2023,Adult,Oncology,569,14,0,0,583
26/10/2023,Adult,Ophthalmology,"16,772","7,468","3,781","5,606","33,627"
26/10/2023,Adult,Orthopaedics,"35,885","16,556","7,292","5,886","65,619"
26/10/2023,Adult,Other,16,7,0,2,25
26/10/2023,Adult,Otolaryngology (ENT),"19,454","8,598","3,199","5,187","36,438"
26/10/2023,Adult,Paediatric Dermatology,13,18,4,0,35
26/10/2023,Adult,Paediatrics,132,74,32,6,244
26/10/2023,Adult,Pain Relief,"6,100","3,492","2,135","3,080","14,807"
26/10/2023,Adult,Palliative Medicine,24,11,0,0,35
26/10/2023,Adult,Pathology,56,32,48,47,183
26/10/2023,Adult,Plastic Surgery,"8,398","2,723","1,205","3,408","15,734"
26/10/2023,Adult,Psychiatry,361,21,11,2,395
26/10/2023,Adult,Radiotherapy,57,0,0,0,57
26/10/2023,Adult,Rehabilitation Medicine,24,2,0,0,26
26/10/2023,Adult,Respiratory Medicine,"11,547","5,331","1,871","2,533","21,282"
26/10/2023,Adult,Rheumatology,"7,758","2,868","1,374","1,508","13,508"
26/10/2023,Adult,Small Volume Specialities,74,41,12,6,133
26/10/2023,Adult,Urology,"12,940","4,992","1,591","3,040","22,563"
26/10/2023,Adult,Vascular Surgery,"8,661","2,511","1,876",849,"13,897"
26/10/2023,Child,Cardio-Thoracic Surgery,50,2,0,2,53
26/10/2023,Child,Cardiology,43,27,3,15,88
26/10/2023,Child,Clinical (Medical) Genetics,318,351,190,6,865
26/10/2023,Child,Clinical Immunology,349,214,104,167,834
26/10/2023,Child,Dental Surgery,206,80,57,19,362
26/10/2023,Child,Dermatology,"1,583",598,337,715,"3,233"
26/10/2023,Child,Developmental Paediatrics,398,203,218,272,"1,091"
26/10/2023,Child,Gastro-Enterology,18,8,2,0,27
26/10/2023,Child,General Medicine,14,7,2,2,24
26/10/2023,Child,General Surgery,895,336,145,144,"1,520"
26/10/2023,Child,Gynaecology,500,154,49,16,719
26/10/2023,Child,Haematology,80,22,2,2,105
26/10/2023,Child,Immunology,217,65,24,2,307
26/10/2023,Child,Maxillo-Facial,190,95,51,83,419
26/10/2023,Child,Neurology,35,3,2,2,41
26/10/2023,Child,Ophthalmology,"2,067",778,361,586,"3,792"
26/10/2023,Child,Orthopaedics,"1,515",688,329,452,"2,984"
26/10/2023,Child,Otolaryngology (ENT),"4,631","2,686",591,433,"8,341"
26/10/2023,Child,Paed Cardiology,"2,323","1,357",621,131,"4,432"
26/10/2023,Child,Paed Endocrinology,503,138,34,18,693
26/10/2023,Child,Paed Gastro-Enterol,563,200,69,81,913
26/10/2023,Child,Paed Haematology,221,42,2,0,265
26/10/2023,Child,Paed Metabolic Medicine,30,3,2,2,36
26/10/2023,Child,Paed Nephrology,317,154,34,2,507
26/10/2023,Child,Paed Orthopaedic,"1,912",982,724,609,"4,227"
26/10/2023,Child,Paediatric Dermatology,"2,898","1,532",842,"1,159","6,431"
26/10/2023,Child,Paediatric ENT,"2,840","1,888",780,"1,180","6,688"
26/10/2023,Child,Paediatric Infectious Diseases,36,2,3,0,41
26/10/2023,Child,Paediatric Neurology,700,349,28,2,"1,078"
26/10/2023,Child,Paediatric Neurosurgery,59,2,0,0,60
26/10/2023,Child,Paediatric Respiratory Medicine,671,384,212,298,"1,565"
26/10/2023,Child,Paediatric Surgery,"2,080","1,112",620,45,"3,857"
26/10/2023,Child,Paediatric Urology,528,322,149,62,"1,061"
26/10/2023,Child,Paediatrics,"12,279","5,389","1,799",557,"20,024"
26/10/2023,Child,Pain Relief,25,2,2,2,30
26/10/2023,Child,Plastic Surgery,832,250,140,245,"1,467"
26/10/2023,Child,Rheumatology,277,165,130,569,"1,141"
26/10/2023,Child,Small Volume Specialities,75,15,12,3,105
26/10/2023,Child,Urology,989,462,157,321,"1,929"
30/11/2023,Adult,Breast Surgery,"2,422",14,2,0,"2,438"
30/11/2023,Adult,Cardio-Thoracic Surgery,314,38,21,31,404
30/11/2023,Adult,Cardiology,"21,982","9,626","3,206","1,651","36,465"
30/11/2023,Adult,Chemical Pathology,58,4,2,0,64
30/11/2023,Adult,Clinical (Medical) Genetics,784,703,660,875,"3,022"
30/11/2023,Adult,Clinical Immunology,"1,423",661,416,81,"2,581"
30/11/2023,Adult,Clinical Neurophysiology,695,410,321,261,"1,687"
30/11/2023,Adult,Dermatology,"28,443","10,478","4,054","5,503","48,478"
30/11/2023,Adult,Diabetes Mellitus,"1,347",435,83,33,"1,898"
30/11/2023,Adult,Endocrinology,"8,472","4,203","2,379","4,564","19,618"
30/11/2023,Adult,Gastro-Enterology,"11,042","3,717",938,344,"16,041"
30/11/2023,Adult,Gastro-Intestinal Surgery,139,83,34,17,273
30/11/2023,Adult,General Medicine,"9,056","3,826","1,651","1,346","15,879"
30/11/2023,Adult,General Surgery,"25,044","5,245","1,407",900,"32,596"
30/11/2023,Adult,Geriatric Medicine,"3,481",484,114,67,"4,146"
30/11/2023,Adult,Gynaecology,"21,979","4,729","1,121",743,"28,572"
30/11/2023,Adult,Haematology,"5,584","1,838",855,558,"8,835"
30/11/2023,Adult,Hepato-Biliary Surgery,73,14,2,0,89
30/11/2023,Adult,Infectious Diseases,807,475,113,2,"1,397"
30/11/2023,Adult,Maxillo-Facial,"1,865",582,360,"1,022","3,829"
30/11/2023,Adult,Metabolic Medicine,109,9,9,2,129
30/11/2023,Adult,Microbiology,25,4,2,0,31
30/11/2023,Adult,Nephrology,"2,575",666,207,179,"3,627"
30/11/2023,Adult,Neurology,"10,266","4,794","2,231","4,666","21,957"
30/11/2023,Adult,Neurosurgery,"4,058","2,036","1,204","2,878","10,176"
30/11/2023,Adult,Oncology,565,19,0,0,584
30/11/2023,Adult,Ophthalmology,"16,685","7,525","3,847","5,279","33,336"
30/11/2023,Adult,Orthopaedics,"36,587","16,598","6,748","5,459","65,392"
30/11/2023,Adult,Other,10,13,0,2,25
30/11/2023,Adult,Otolaryngology (ENT),"20,281","7,973","2,775","4,657","35,686"
30/11/2023,Adult,Paediatric Dermatology,16,7,2,0,25
30/11/2023,Adult,Paediatrics,121,70,33,8,232
30/11/2023,Adult,Pain Relief,"6,351","3,627","2,025","2,839","14,842"
30/11/2023,Adult,Pathology,69,28,36,58,191
30/11/2023,Adult,Plastic Surgery,"7,828","2,803",995,"3,113","14,739"
30/11/2023,Adult,Psychiatry,414,23,11,2,450
30/11/2023,Adult,Radiotherapy,56,0,0,0,56
30/11/2023,Adult,Respiratory Medicine,"11,869","5,179","1,783","2,339","21,170"
30/11/2023,Adult,Rheumatology,"7,610","3,048","1,273","1,300","13,231"
30/11/2023,Adult,Small Volume Specialities,106,32,17,6,160
30/11/2023,Adult,Urology,"13,499","4,793","1,226","2,832","22,350"
30/11/2023,Adult,Vascular Surgery,"8,685","2,560","1,728",782,"13,755"
30/11/2023,Child,Cardio-Thoracic Surgery,56,4,0,0,60
30/11/2023,Child,Cardiology,42,30,4,16,92
30/11/2023,Child,Clinical (Medical) Genetics,239,350,162,8,759
30/11/2023,Child,Clinical Immunology,318,214,111,140,783
30/11/2023,Child,Dental Surgery,205,81,59,17,362
30/11/2023,Child,Dermatology,"1,661",638,303,682,"3,284"
30/11/2023,Child,Developmental Paediatrics,379,201,197,254,"1,031"
30/11/2023,Child,Gastro-Enterology,23,7,2,0,32
30/11/2023,Child,General Surgery,895,340,139,128,"1,502"
30/11/2023,Child,Gynaecology,531,158,56,13,758
30/11/2023,Child,Haematology,80,18,2,2,102
30/11/2023,Child,Immunology,208,61,29,20,318
30/11/2023,Child,Maxillo-Facial,211,86,53,85,435
30/11/2023,Child,Neurology,36,7,4,2,49
30/11/2023,Child,Ophthalmology,"2,072",803,288,515,"3,678"
30/11/2023,Child,Orthopaedics,"1,518",741,323,451,"3,033"
30/11/2023,Child,Otolaryngology (ENT),"4,364","2,784",524,441,"8,113"
30/11/2023,Child,Paed Cardiology,"2,343","1,481",660,35,"4,519"
30/11/2023,Child,Paed Endocrinology,511,125,40,9,685
30/11/2023,Child,Paed Gastro-Enterol,493,232,70,86,881
30/11/2023,Child,Paed Haematology,241,31,2,0,274
30/11/2023,Child,Paed Metabolic Medicine,30,4,4,0,38
30/11/2023,Child,Paed Nephrology,303,168,42,8,521
30/11/2023,Child,Paed Orthopaedic,"1,872","1,003",713,604,"4,192"
30/11/2023,Child,Paediatric Dermatology,"2,752","1,640",644,"1,074","6,110"
30/11/2023,Child,Paediatric ENT,"2,618","1,927",678,"1,106","6,329"
30/11/2023,Child,Paediatric Infectious Diseases,53,2,4,0,59
30/11/2023,Child,Paediatric Neurology,707,326,55,2,"1,090"
30/11/2023,Child,Paediatric Neurosurgery,53,4,0,2,59
30/11/2023,Child,Paediatric Respiratory Medicine,658,403,187,224,"1,472"
30/11/2023,Child,Paediatric Surgery,"1,981","1,002",538,75,"3,596"
30/11/2023,Child,Paediatric Urology,535,334,139,76,"1,084"
30/11/2023,Child,Paediatrics,"12,419","5,141","1,580",586,"19,726"
30/11/2023,Child,Pain Relief,25,2,0,2,29
30/11/2023,Child,Plastic Surgery,796,255,124,219,"1,394"
30/11/2023,Child,Rheumatology,243,190,119,559,"1,111"
30/11/2023,Child,Small Volume Specialities,67,15,10,6,98
30/11/2023,Child,Urology,969,471,167,314,"1,921"
30/11/2023,Child,Vascular Surgery,19,0,4,0,23
28/12/2023,Adult,Anaesthetics,18,4,0,0,23
28/12/2023,Adult,Breast Surgery,"2,372",8,0,0,"2,380"
28/12/2023,Adult,Cardio-Thoracic Surgery,341,36,25,32,434
28/12/2023,Adult,Cardiology,"22,156","9,943","2,838","1,559","36,496"
28/12/2023,Adult,Chemical Pathology,60,4,0,0,64
28/12/2023,Adult,Clinical (Medical) Genetics,701,721,633,922,"2,977"
28/12/2023,Adult,Clinical Immunology,"1,368",633,415,109,"2,525"
28/12/2023,Adult,Clinical Neurophysiology,693,380,281,236,"1,590"
28/12/2023,Adult,Dermatology,"27,224","11,342","3,585","5,089","47,240"
28/12/2023,Adult,Diabetes Mellitus,"1,356",427,70,29,"1,882"
28/12/2023,Adult,Endocrinology,"8,133","4,438","2,120","4,384","19,075"
28/12/2023,Adult,Gastro-Enterology,"10,887","3,734",813,270,"15,704"
28/12/2023,Adult,Gastro-Intestinal Surgery,199,76,38,8,321
28/12/2023,Adult,General Medicine,"8,707","3,432","1,375","1,196","14,710"
28/12/2023,Adult,General Surgery,"24,236","5,126","1,198",664,"31,224"
28/12/2023,Adult,Geriatric Medicine,"3,397",503,110,67,"4,077"
28/12/2023,Adult,Gynaecology,"21,493","4,686",992,658,"27,829"
28/12/2023,Adult,Haematology,"5,434","1,918",736,513,"8,601"
28/12/2023,Adult,Hepato-Biliary Surgery,69,19,2,0,90
28/12/2023,Adult,Infectious Diseases,695,251,371,2,"1,319"
28/12/2023,Adult,Maxillo-Facial,"1,783",480,288,788,"3,339"
28/12/2023,Adult,Metabolic Medicine,91,10,7,0,108
28/12/2023,Adult,Microbiology,22,4,0,0,27
28/12/2023,Adult,Nephrology,"2,592",705,201,164,"3,662"
28/12/2023,Adult,Neurology,"10,195","4,989","2,164","3,786","21,134"
28/12/2023,Adult,Neurosurgery,"4,114","2,171","1,092","2,891","10,268"
28/12/2023,Adult,Oncology,572,20,2,0,594
28/12/2023,Adult,Ophthalmology,"16,281","7,579","3,985","4,987","32,832"
28/12/2023,Adult,Orthopaedics,"35,540","17,054","6,321","4,822","63,737"
28/12/2023,Adult,Other,6,16,0,0,22
28/12/2023,Adult,Otolaryngology (ENT),"19,610","7,623","2,697","4,447","34,377"
28/12/2023,Adult,Paediatric Dermatology,18,8,0,0,26
28/12/2023,Adult,Paediatrics,117,61,18,8,204
28/12/2023,Adult,Pain Relief,"6,298","3,692","1,907","1,651","13,548"
28/12/2023,Adult,Pathology,62,39,27,61,189
28/12/2023,Adult,Plastic Surgery,"7,394","2,685",773,"2,156","13,008"
28/12/2023,Adult,Psychiatry,405,15,2,0,422
28/12/2023,Adult,Radiotherapy,34,0,0,0,34
28/12/2023,Adult,Rehabilitation Medicine,19,2,0,0,21
28/12/2023,Adult,Respiratory Medicine,"11,935","5,196","1,740","2,290","21,161"
28/12/2023,Adult,Rheumatology,"7,232","3,086","1,126","1,192","12,636"
28/12/2023,Adult,Small Volume Specialities,68,30,15,0,112
28/12/2023,Adult,Urology,"13,470","4,112","1,067","2,560","21,209"
28/12/2023,Adult,Vascular Surgery,"8,230","2,804","1,434",655,"13,123"
28/12/2023,Child,Cardio-Thoracic Surgery,57,9,0,0,66
28/12/2023,Child,Cardiology,43,22,4,17,86
28/12/2023,Child,Clinical (Medical) Genetics,158,377,157,12,704
28/12/2023,Child,Clinical Immunology,308,205,117,127,757
28/12/2023,Child,Dental Surgery,173,90,59,23,345
28/12/2023,Child,Dermatology,"1,553",672,279,587,"3,091"
28/12/2023,Child,Developmental Paediatrics,368,206,173,263,"1,010"
28/12/2023,Child,Endocrinology,18,2,0,2,22
28/12/2023,Child,Gastro-Enterology,17,4,2,0,23
28/12/2023,Child,General Medicine,17,5,0,0,22
28/12/2023,Child,General Surgery,845,321,147,86,"1,399"
28/12/2023,Child,Gynaecology,523,154,64,12,753
28/12/2023,Child,Haematology,80,16,2,0,98
28/12/2023,Child,Immunology,168,64,29,20,281
28/12/2023,Child,Maxillo-Facial,212,101,51,91,455
28/12/2023,Child,Neurology,48,7,4,0,59
28/12/2023,Child,Ophthalmology,"2,002",801,270,511,"3,584"
28/12/2023,Child,Orthopaedics,"1,537",736,311,424,"3,008"
28/12/2023,Child,Otolaryngology (ENT),"4,232","2,696",484,412,"7,824"
28/12/2023,Child,Paed Cardiology,"2,321","1,552",786,21,"4,680"
28/12/2023,Child,Paed Endocrinology,504,131,35,2,672
28/12/2023,Child,Paed Gastro-Enterol,457,254,80,83,874
28/12/2023,Child,Paed Haematology,222,37,2,0,261
28/12/2023,Child,Paed Metabolic Medicine,26,2,4,0,32
28/12/2023,Child,Paed Nephrology,314,161,52,12,539
28/12/2023,Child,Paed Orthopaedic,"1,778","1,053",741,607,"4,179"
28/12/2023,Child,Paediatric Dermatology,"2,576","1,794",605,871,"5,846"
28/12/2023,Child,Paediatric ENT,"2,509","1,949",735,"1,070","6,263"
28/12/2023,Child,Paediatric Infectious Diseases,43,4,2,0,49
28/12/2023,Child,Paediatric Neurology,702,314,87,2,"1,105"
28/12/2023,Child,Paediatric Neurosurgery,57,4,0,0,61
28/12/2023,Child,Paediatric Respiratory Medicine,654,409,185,219,"1,467"
28/12/2023,Child,Paediatric Surgery,"1,944",977,482,97,"3,500"
28/12/2023,Child,Paediatric Urology,546,362,148,50,"1,106"
28/12/2023,Child,Paediatrics,"12,462","5,021","1,182",520,"19,185"
28/12/2023,Child,Pain Relief,30,2,0,2,34
28/12/2023,Child,Plastic Surgery,722,254,110,115,"1,201"
28/12/2023,Child,Rheumatology,259,189,110,540,"1,098"
28/12/2023,Child,Small Volume Specialities,65,8,6,2,80
28/12/2023,Child,Urology,960,444,154,308,"1,866"
